{
 "card_w_mm": 42.0,
 "card_h_mm": 62.0,
 "thick_mm": 2.0,
 "outline": [
  [
   0.5,
   0.44355
  ],
  [
   0.4996,
   0.44908
  ],
  [
   0.4984,
   0.45456
  ],
  [
   0.49641,
   0.45994
  ],
  [
   0.49366,
   0.46515
  ],
  [
   0.49016,
   0.47016
  ],
  [
   0.48596,
   0.47491
  ],
  [
   0.48108,
   0.47936
  ],
  [
   0.47559,
   0.48347
  ],
  [
   0.46953,
   0.48719
  ],
  [
   0.46296,
   0.49049
  ],
  [
   0.45595,
   0.49333
  ],
  [
   0.44856,
   0.4957
  ],
  [
   0.44086,
   0.49757
  ],
  [
   0.43292,
   0.49892
  ],
  [
   0.42483,
   0.49973
  ],
  [
   0.41667,
   0.5
  ],
  [
   -0.41667,
   0.5
  ],
  [
   -0.42483,
   0.49973
  ],
  [
   -0.43292,
   0.49892
  ],
  [
   -0.44086,
   0.49757
  ],
  [
   -0.44856,
   0.4957
  ],
  [
   -0.45595,
   0.49333
  ],
  [
   -0.46296,
   0.49049
  ],
  [
   -0.46953,
   0.48719
  ],
  [
   -0.47559,
   0.48347
  ],
  [
   -0.48108,
   0.47936
  ],
  [
   -0.48596,
   0.47491
  ],
  [
   -0.49016,
   0.47016
  ],
  [
   -0.49366,
   0.46515
  ],
  [
   -0.49641,
   0.45994
  ],
  [
   -0.4984,
   0.45456
  ],
  [
   -0.4996,
   0.44908
  ],
  [
   -0.5,
   0.44355
  ],
  [
   -0.5,
   -0.44355
  ],
  [
   -0.4996,
   -0.44908
  ],
  [
   -0.4984,
   -0.45456
  ],
  [
   -0.49641,
   -0.45994
  ],
  [
   -0.49366,
   -0.46515
  ],
  [
   -0.49016,
   -0.47016
  ],
  [
   -0.48596,
   -0.47491
  ],
  [
   -0.48108,
   -0.47936
  ],
  [
   -0.47559,
   -0.48347
  ],
  [
   -0.46953,
   -0.48719
  ],
  [
   -0.46296,
   -0.49049
  ],
  [
   -0.45595,
   -0.49333
  ],
  [
   -0.44856,
   -0.4957
  ],
  [
   -0.44086,
   -0.49757
  ],
  [
   -0.43292,
   -0.49892
  ],
  [
   -0.42483,
   -0.49973
  ],
  [
   -0.41667,
   -0.5
  ],
  [
   0.41667,
   -0.5
  ],
  [
   0.42483,
   -0.49973
  ],
  [
   0.43292,
   -0.49892
  ],
  [
   0.44086,
   -0.49757
  ],
  [
   0.44856,
   -0.4957
  ],
  [
   0.45595,
   -0.49333
  ],
  [
   0.46296,
   -0.49049
  ],
  [
   0.46953,
   -0.48719
  ],
  [
   0.47559,
   -0.48347
  ],
  [
   0.48108,
   -0.47936
  ],
  [
   0.48596,
   -0.47491
  ],
  [
   0.49016,
   -0.47016
  ],
  [
   0.49366,
   -0.46515
  ],
  [
   0.49641,
   -0.45994
  ],
  [
   0.4984,
   -0.45456
  ],
  [
   0.4996,
   -0.44908
  ],
  [
   0.5,
   -0.44355
  ]
 ],
 "cards": {
  "white_0": {
   "tex": "white_0.png",
   "side_color": [
    217,
    216,
    212
   ],
   "body_color": [
    247,
    246,
    242
   ]
  },
  "white_1": {
   "tex": "white_1.png",
   "side_color": [
    217,
    216,
    212
   ],
   "body_color": [
    247,
    246,
    242
   ]
  },
  "white_2": {
   "tex": "white_2.png",
   "side_color": [
    217,
    216,
    212
   ],
   "body_color": [
    247,
    246,
    242
   ]
  },
  "white_3": {
   "tex": "white_3.png",
   "side_color": [
    217,
    216,
    212
   ],
   "body_color": [
    247,
    246,
    242
   ]
  },
  "white_4": {
   "tex": "white_4.png",
   "side_color": [
    217,
    216,
    212
   ],
   "body_color": [
    247,
    246,
    242
   ]
  },
  "white_5": {
   "tex": "white_5.png",
   "side_color": [
    217,
    216,
    212
   ],
   "body_color": [
    247,
    246,
    242
   ]
  },
  "white_6": {
   "tex": "white_6.png",
   "side_color": [
    217,
    216,
    212
   ],
   "body_color": [
    247,
    246,
    242
   ]
  },
  "white_7": {
   "tex": "white_7.png",
   "side_color": [
    217,
    216,
    212
   ],
   "body_color": [
    247,
    246,
    242
   ]
  },
  "white_8": {
   "tex": "white_8.png",
   "side_color": [
    217,
    216,
    212
   ],
   "body_color": [
    247,
    246,
    242
   ]
  },
  "white_9": {
   "tex": "white_9.png",
   "side_color": [
    217,
    216,
    212
   ],
   "body_color": [
    247,
    246,
    242
   ]
  },
  "white_10": {
   "tex": "white_10.png",
   "side_color": [
    217,
    216,
    212
   ],
   "body_color": [
    247,
    246,
    242
   ]
  },
  "white_11": {
   "tex": "white_11.png",
   "side_color": [
    217,
    216,
    212
   ],
   "body_color": [
    247,
    246,
    242
   ]
  },
  "black_0": {
   "tex": "black_0.png",
   "side_color": [
    22,
    22,
    21
   ],
   "body_color": [
    26,
    25,
    24
   ]
  },
  "black_1": {
   "tex": "black_1.png",
   "side_color": [
    22,
    22,
    21
   ],
   "body_color": [
    26,
    25,
    24
   ]
  },
  "black_2": {
   "tex": "black_2.png",
   "side_color": [
    22,
    22,
    21
   ],
   "body_color": [
    26,
    25,
    24
   ]
  },
  "black_3": {
   "tex": "black_3.png",
   "side_color": [
    22,
    22,
    21
   ],
   "body_color": [
    26,
    25,
    24
   ]
  },
  "black_4": {
   "tex": "black_4.png",
   "side_color": [
    22,
    22,
    21
   ],
   "body_color": [
    26,
    25,
    24
   ]
  },
  "black_5": {
   "tex": "black_5.png",
   "side_color": [
    22,
    22,
    21
   ],
   "body_color": [
    26,
    25,
    24
   ]
  },
  "black_6": {
   "tex": "black_6.png",
   "side_color": [
    22,
    22,
    21
   ],
   "body_color": [
    26,
    25,
    24
   ]
  },
  "black_7": {
   "tex": "black_7.png",
   "side_color": [
    22,
    22,
    21
   ],
   "body_color": [
    26,
    25,
    24
   ]
  },
  "black_8": {
   "tex": "black_8.png",
   "side_color": [
    22,
    22,
    21
   ],
   "body_color": [
    26,
    25,
    24
   ]
  },
  "black_9": {
   "tex": "black_9.png",
   "side_color": [
    22,
    22,
    21
   ],
   "body_color": [
    26,
    25,
    24
   ]
  },
  "black_10": {
   "tex": "black_10.png",
   "side_color": [
    22,
    22,
    21
   ],
   "body_color": [
    26,
    25,
    24
   ]
  },
  "black_11": {
   "tex": "black_11.png",
   "side_color": [
    22,
    22,
    21
   ],
   "body_color": [
    26,
    25,
    24
   ]
  }
 }
}